candidate_id,label,sentence,note
CAND_001,NOISE,삼성전자를 지원한 이유와 입사 후 회사에서 이루고 싶은 꿈을 기술하십시오.,문항프롬프트
CAND_001,SAID,"삼성전자는 모바일, 가전, 전장 등 다양한 제품군에서 대규모 사용자를 대상으로 안정적인 소프트웨어 서비스를 운영하고 있으며, DX 부문은 이러한 환경에서 어플리케이션의 품질과 신뢰성을 책임지고 있다고 생각합니다.",회사자랑+의견
CAND_001,SAID,저는 실제 서비스 환경에서 발생하는 데이터를 기반으로 문제를 분석하고 개선하는 역할에 기여하고자 지원했습니다.,지원동기
CAND_001,DID,최종적으로는 연구소 담당자로부터 해당 시스템을 향후 양산 검증 단계의 참고 모델로 활용하겠다는 피드백을 받았습니다.,성과/피드백
CAND_001,SAID,"이 경험을 통해 저는 프로젝트 관리의 핵심은 일정 관리 자체가 아니라, 서로 다른 역량과 정보를 하나의 흐름으로 연결하는 데 있다는 것을 배웠습니다.",반성/교훈
CAND_001,SAID,"이후 어떤 프로젝트를 수행하든 정보 공유와 협업 구조를 우선적으로 정비하는 것을 원칙으로 삼게 되었고, 이는 현재까지 저의 문제 해결 방식과 업무 태도에 가장 큰 영향을 주고 있습니다.",태도/원칙
CAND_001,DID,"이후 불필요한 문자열 연산을 줄이고, 필터링 순서를 조정해 로그 처리 속도를 개선했으며, 그 결과 기존 대비 약 60% 이상의 성능 향상을 달성할 수 있었습니다.",행동+성과
CAND_001,SAID,"이 경험을 통해 어플리케이션 개발에서 기능 구현만큼이나 로그 설계, 오류 재현 가능성, 운영 단계의 분석 용이성이 중요하다는 점을 체감했습니다.",반성
CAND_001,SAID,"전공과 연구를 통해 쌓은 시스템 이해와 로그 기반 문제 분석 경험을 바탕으로, 삼성전자 DX 부문에서 안정적이고 신뢰도 높은 어플리케이션 개발에 기여하고자 합니다.",포부
CAND_005,NOISE,삼성전자를 지원한 이유와 입사 후 회사에서 이루고 싶은 꿈을 기술하십시오.,문항프롬프트
CAND_005,SAID,"삼성전자를 지원한 이유는 세계 최고 수준의 하드웨어 경쟁력을 바탕으로, 이를 극대화하는 소프트웨어 역량을 지속적으로 강화하고 있기 때문입니다.",지원동기+회사자랑
CAND_005,SAID,"특히 시스템 전반을 이해하는 SW개발 역량이 제품 경쟁력을 좌우하는 삼성전자의 방향성은, 제가 학부연구생과 대학원 과정에서 축적해 온 연구 경험과 정확히 맞닿아 있다고 판단했습니다.",자기평가/의견
CAND_005,SAID,최근 중요하다고 생각하는 사회 이슈는 국가 간 무역 갈등 심화로 인한 관세 규제 강화입니다.,사회이슈
CAND_005,SAID,"주요 국가들이 자국 산업 보호를 목적으로 관세 장벽을 높이면서, 글로벌 공급망을 기반으로 성장해 온 기업들은 새로운 불확실성에 직면하고 있습니다.",사회이슈
CAND_005,SAID,"이는 단순한 수출입 비용 증가를 넘어, 산업 구조 전반에 영향을 미치는 중요한 변화라고 생각합니다.",사회이슈의견
CAND_005,SAID,"앞으로도 주어진 환경과 요구사항을 정확히 이해하고, 안정적인 시스템 구현을 통해 제품 완성도 향상에 기여하는 개발자로 성장하고자 합니다.",포부
CAND_005,NOISE,🔥삼성전자 스크랩 TOP 자소서 함께 확인하세요!,스크랩광고
CAND_005,NOISE,https://linkareer.com/cover-letter/34835,URL
CAND_014,NOISE,회사에 지원하게 된 계기와 해당 분야에 관심을 가지게 된 이유를 설명해 주시길 바랍니다.,문항프롬프트
CAND_014,SAID,"저는 산업 현장에서 데이터를 기반으로 문제를 해결하고, 이를 통해 실질적인 가치 창출에 기여하는 일에 큰 관심을 가지고 있습니다.",관심/동기
CAND_014,SAID,"특히 대규모 문서와 데이터를 효율적으로 활용하여 필요한 정보를 정확히 추출하고, 이를 기반으로 AI 시스템의 성능을 높이는 RAG 기술은 기업의 의사결정과 서비스 품질을 동시에 향상시킬 수 있는 핵심 역량이라고 생각했습니다.",의견
CAND_014,DID,"둘째, 아시아나IDT에서 보험약관 RAG 성능 개선 프로젝트를 수행하며, 검색 성능 약 11%, 응답 정확도 약 9% 향상이라는 실질적 성과를 달성했습니다.",행동+성과
CAND_014,DID,"Naive RAG를 넘어 Modular RAG 설계, indexing·chunking·embedding 전략 수립, retriever·reranker 성능 개선, 자동화된 품질 평가 체계까지 구현하며, 단순 모델링을 넘어 엔드투엔드 최적화 경험을 확보했습니다.",구체적 구현행동
CAND_014,SAID,이처럼 저는 연구적 탐구와 실무적 검증을 통해 데이터 전처리부터 검색 최적화·품질 관리까지 RAG 시스템 전 주기를 설계·개선할 수 있는 역량을 보유하고 있습니다.,역량보유주장(요약)
CAND_014,DID,"이에 저는 사수와 프로젝트 매니저의 지도 아래 코드 구조를 재검토하고, 백엔드 데이터 흐름과 모듈 연계를 반영하여 엔진을 재구성하였습니다.",구체적 행동
CAND_014,SAID,"이러한 경험은 단순한 모델 개발 능력뿐 아니라, 시스템 전반을 고려한 설계와 구현 역량의 중요성을 깨닫게 해주었습니다.",반성
CAND_014,SAID,"앞으로는 백엔드 관련 학습을 지속하여, 검색 엔진 설계부터 안정적 배포까지 전 과정을 아우를 수 있는 전문 RAG 엔지니어로 성장하고자 하며, 이를 통해 데이터 처리, 검색 최적화, 품질 관리까지 통합적으로 수행할 수 있는 융합형 전문 역량을 확보하고자 합니다.",포부
CAND_020,SAID,산업정보시스템 전공 기반의 데이터·AI 이해도를 바탕으로,자기소개단편
CAND_020,NOISE,리서치·기획 역량을 어떻게 정리했는지 참고해보세요.,linkareer안내
CAND_020,NOISE,[필수] 자기자신을 자유롭게 소개해 주세요.,문항프롬프트
CAND_020,DID,"데이터 정제, 패턴 분석, 시나리오별 제안을 통해 단순 데이터 분석을 넘어 실제 서비스 설계에 접목했습니다.",행동
CAND_020,SAID,"통해 데이터 활용이 조직 효율성 향상에 실질적인 영향을 미칠 수 있음을 체감하며, 데이터 기반 서비스 설계 능력을",반성단편
CAND_020,DID,"LLM 기술을 활용해 논문 작성 보조 서비스를 기획하고, 사용자 요구사항 분석을 통해 페르소나 설계와 UX 개선을",행동
CAND_020,SAID,"사용자에게 자연스럽고 당연하게 받아들여질 수 있도록 끊임없이 고민하고 도전하겠습니다.",포부
CAND_020,NOISE,🔥네이버클라우드 스크랩 TOP 자소서 함께 확인하세요!,스크랩광고
CAND_020,NOISE,https://linkareer.com/cover-letter/33595,URL
CAND_008,NOISE,본인이 지원한 직무의 지원동기와 입사 후 어떻게 성장하고 싶은지 작성해주십시오.,문항프롬프트
CAND_008,NOISE,"[직무에 관심을 가지가 된 계기, 향후 성장목표 및 보완점 등]",문항부가설명
CAND_008,NOISE,[제약산업 R&D 분석 선구자],섹션제목
CAND_008,DID,그래서 이를 해결하기 위하여 구성원들의 의견을 물었습니다.,행동
CAND_008,SAID,임원들은 유기동물 봉사활동 특성상 힘들고 고된 일이 많아 부원들이 기피한다고 생각하였습니다.,타인의견서술
CAND_008,DID,하지만 제가 조사한 바로는 봉사를 희망하지만 봉사체계와 교통편이 불편하여 쉽게 활동하기 어렵다는 의견이 많았습니다.,조사행동
CAND_008,DID,"결과적으로 모든 스터디원이 전체 분반 상위 10%를 달성했고, 연락처를 주고받을 만큼 친분을 쌓게 되었습니다.",성과
CAND_008,SAID,"서로 다른 학부에서 배운 통계 지식을 나눴기에 가능한 성과였으며, 이는 지식 함양은 물론 역할 간 보완의 중요성을 깨닫게 해주었습니다.",반성
CAND_008,SAID,"제품 시험 및 분석법 개발은 다양한 전공자와의 협업으로 이루어지는 만큼, 저는 여기에 멈추지 않고 품질관리·R&D뿐만 아니라 경영, 영업 등 유관 부서와의 소통을 통해 제품에 대한 통합적이고 신뢰도 높은 분석법을 개발하겠습니다.",포부
CAND_006,NOISE,■ 지원동기 및 성장 방향,섹션헤더
CAND_006,NOISE,[성장을 멈추지 않는 문제 해결 중심 개발자],섹션제목
CAND_006,SAID,"저는 현실적인 문제를 해결하며 성취감을 얻고, 그 과정을 통해 지속적으로 성장하는 개발자를 목표로 하고 있습니다.",자기소개/목표
CAND_006,DID,영화 추천 웹서비스 프로젝트에서 검색 및 추천 시스템의 백엔드 로직을 구현했습니다.,행동
CAND_006,DID,"처음에는 키워드 기반 검색만 제공되었지만, 사용자가 제목이나 출연진을 모를 경우 원하는 영화를 찾기 어렵다는 문제를 해결하고자 장르 및 국가 필터 기능을 추가 구현했습니다.",행동
CAND_006,DID,이를 통해 검색 결과로 157번째에 제공되던 영화가 3번째로 제공되며 검색 정확도가 60% 이상 향상되었습니다.,성과
CAND_006,DID,결과적으로 협업 프로세스 적용 후 팀원들의 신뢰도와 만족도가 180% 이상 상승했습니다.,성과
CAND_006,DID,이는 팀원들에게 0~10점 만족도 평가를 진행해 수치화한 결과입니다.,행동(평가수행)
CAND_006,DID,회고 시간에 팀원 전원에게 피드백을 받아 수치로 기록했습니다.,행동
CAND_005,SAID,"입사 후에는 이러한 연구 기반의 문제 해결 역량을 바탕으로, 삼성전자 제품의 핵심 SW를 안정적이고 효율적으로 구현하는 개발자가 되고 싶습니다.",포부
CAND_001,SAID,"입사 후에는 이러한 경험을 바탕으로 어플리케이션 개발 과정에서 발생하는 이슈를 구조적으로 관리하고, 안정적인 서비스 제공에 기여하고자 합니다.",포부
CAND_014,SAID,"나아가, 연구적 탐구와 실무 경험을 융합하여 RAG 시스템의 기술적 완성도를 높이고, 산업 AI 경쟁력 강화와 디지털 혁신을 선도하며, 전문성을 확장하는 엔지니어로 성장하고 싶습니다.",포부
