id,job_group,skill,sub_skill,title,description,url,type,level,language,free_or_paid,estimated_time,reliability,reason
DA001,데이터 분석가,Python,분석 기초,Python 공식 한국어 튜토리얼,Python 기본 문법과 표준 라이브러리를 한국어 공식 문서로 학습한다,https://docs.python.org/ko/3/tutorial/,공식문서,beginner,한국어,무료,6시간,5,잡코리아 데이터 분석가 공고에서 Python 요구가 반복됨
DA002,데이터 분석가,Python,입문 실습,인프런 Python 강의 모음,Python 입문과 실습 강의를 한국어로 찾아 학습한다,https://www.inflearn.com/ko/search?s=Python,강의,beginner,한국어,무료,8시간,3,Python 기초가 부족한 지원자에게 접근성 높은 한국어 강의 자료
DA003,데이터 분석가,SQL,분석 쿼리,프로그래머스 SQL 고득점 Kit,SQL SELECT JOIN GROUP BY 문제를 한국어 환경에서 실습한다,https://school.programmers.co.kr/learn/challenges?tab=sql_practice_kit,실습플랫폼,beginner,한국어,무료,3시간,4,잡코리아 데이터 분석 공고에서 SQL 요구가 반복됨
DA004,데이터 분석가,SQL,Pandas SQL,인프런 SQL 강의 모음,SQL과 데이터베이스 기초 강의를 한국어로 찾아 학습한다,https://www.inflearn.com/ko/search?s=SQL,강의,beginner,한국어,무료,3시간,3,SQL 역량을 실제 DB 학습으로 보완
DA005,데이터 분석가,Pandas,전처리,인프런 Pandas 강의 모음,Pandas 전처리와 분석 강의를 한국어로 찾아 학습한다,https://www.inflearn.com/ko/search?s=Pandas,강의,intermediate,한국어,무료,8시간,3,Python 데이터 처리 역량을 실제 분석 경험으로 연결
DA006,데이터 분석가,Pandas,실습,인프런 데이터 분석 강의 모음,데이터 분석 프로젝트와 EDA 강의를 한국어로 찾아 학습한다,https://www.inflearn.com/ko/search?s=%EB%8D%B0%EC%9D%B4%ED%84%B0+%EB%B6%84%EC%84%9D,강의,intermediate,한국어,무료,10시간,3,분석 전처리와 EDA 부족 역량 보완
DA007,데이터 분석가,Tableau,BI 시각화,Tableau 한국어 시작 가이드,Tableau 대시보드와 시각화 기본 흐름을 한국어 도움말로 학습한다,https://help.tableau.com/current/pro/desktop/ko-kr/gettingstarted_overview.htm,공식문서,beginner,한국어,무료,4시간,5,잡코리아 데이터 분석 공고에서 Tableau가 반복됨
DA008,데이터 분석가,Power BI,BI 시각화,Microsoft Learn Power BI 한국어,Power BI 데이터 모델링과 리포트 제작을 한국어 학습 경로로 익힌다,https://learn.microsoft.com/ko-kr/training/powerplatform/power-bi,공식학습,beginner,한국어,무료,6시간,5,BI 도구 경험 요구에 대응
DA009,데이터 분석가,Excel,분석 실무,Microsoft Excel 도움말 및 학습,Excel 함수 피벗 테이블 차트 기본을 한국어로 정리한다,https://support.microsoft.com/ko-kr/excel,공식문서,beginner,한국어,무료,4시간,5,일반 데이터 분석 직무에서 여전히 쓰이는 기본 도구
DA010,데이터 분석가,R,통계 분석,오늘코드 데이터 분석 YouTube 검색,오늘코드의 Python 데이터 분석 관련 한국어 영상 자료를 찾아 학습한다,https://www.youtube.com/results?search_query=%EC%98%A4%EB%8A%98%EC%BD%94%EB%93%9C+%EB%8D%B0%EC%9D%B4%ED%84%B0+%EB%B6%84%EC%84%9D,유튜브,intermediate,한국어,무료,8시간,3,데이터 분석 입문자가 영상으로 따라가기 좋은 한국어 채널 자료
DA011,데이터 분석가,Spark,대용량 데이터,메타코드M Spark YouTube 검색,Spark와 빅데이터 처리 관련 한국어 영상 자료를 찾아 학습한다,https://www.youtube.com/results?search_query=%EB%A9%94%ED%83%80%EC%BD%94%EB%93%9CM+Spark,유튜브,intermediate,한국어,무료,8시간,3,빅데이터 분석 공고의 Spark 요구를 영상 실습으로 보완
DA012,데이터 분석가,Airflow,워크플로우,Airflow 한국어 YouTube 검색,Airflow DAG와 데이터 파이프라인 관련 한국어 영상을 찾아 학습한다,https://www.youtube.com/results?search_query=Airflow+%EA%B0%95%EC%9D%98+%ED%95%9C%EA%B5%AD%EC%96%B4,유튜브,intermediate,한국어,무료,6시간,3,Airflow 파이프라인 부족 역량을 영상 자료로 빠르게 보완
DA013,데이터 분석가,Looker Studio,대시보드,Looker Studio 고객센터 한국어,Looker Studio 리포트와 대시보드 작성 흐름을 한국어 도움말로 익힌다,https://support.google.com/looker-studio/?hl=ko,공식문서,beginner,한국어,무료,4시간,5,BI 대시보드 역량을 보완
DA014,데이터 분석가,BigQuery,클라우드 분석,BigQuery 문서 한국어,클라우드 데이터 웨어하우스와 SQL 분석 환경을 한국어 문서로 학습한다,https://cloud.google.com/bigquery/docs?hl=ko,공식문서,intermediate,한국어,무료,6시간,5,클라우드 분석 요구 대응
DA015,데이터 분석가,AWS,클라우드 기초,AWS Cloud Practitioner 한국어 학습,AWS 핵심 서비스와 클라우드 기본 개념을 한국어 AWS 페이지로 학습한다,https://aws.amazon.com/ko/training/learn-about/cloud-practitioner/,공식학습,beginner,한국어,무료,6시간,5,데이터 분석 공고의 AWS Azure 클라우드 요구 보완
DA016,데이터 분석가,통계,기초 통계,칸아카데미 통계와 확률,확률 분포 추정 검정 등 분석 해석 기초를 한국어로 학습한다,https://ko.khanacademy.org/math/statistics-probability,강의,beginner,한국어,무료,8시간,4,분석 결과를 설명하기 위한 기본 통계 역량
DA017,데이터 분석가,Machine Learning,분석 모델링,Google 머신러닝 단기집중과정 한국어,기본 ML 개념과 모델 평가를 한국어 Google 자료로 정리한다,https://developers.google.com/machine-learning/crash-course?hl=ko,공식학습,intermediate,한국어,무료,8시간,5,AI 데이터 분석가 공고의 ML 요구 대응
DA018,데이터 분석가,데이터 시각화,Python 시각화,인프런 데이터 시각화 강의 모음,Python과 BI 기반 데이터 시각화 강의를 한국어로 찾아 학습한다,https://www.inflearn.com/ko/search?s=%EB%8D%B0%EC%9D%B4%ED%84%B0+%EC%8B%9C%EA%B0%81%ED%99%94,강의,intermediate,한국어,무료,5시간,3,Tableau BI 외 Python 시각화 역량 보완
DA019,데이터 분석가,데이터 분석,실무 채널,나도코딩 YouTube,Python과 데이터 분석 기초를 한국어 영상으로 보완한다,https://www.youtube.com/@nadocoding,유튜브,beginner,한국어,무료,6시간,3,한국어 입문자에게 접근성이 높은 인기 개발 채널
DA020,데이터 분석가,데이터 분석,실무 채널,생활코딩 YouTube,데이터와 웹 기초를 한국어 강의로 보완한다,https://www.youtube.com/@coohde,유튜브,beginner,한국어,무료,6시간,3,기초 이해가 약한 지원자에게 적합한 한국어 채널
ML001,AI/ML 엔지니어,Python,AI 개발 기초,Python 공식 HOWTO 한국어,AI ML 개발에 필요한 Python 활용 주제를 한국어 공식 문서로 익힌다,https://docs.python.org/ko/3/howto/index.html,공식문서,beginner,한국어,무료,6시간,5,AI ML 공고에서 Python은 기본 전제
ML002,AI/ML 엔지니어,Machine Learning,기초 모델링,Google 머신러닝 입문 한국어,머신러닝 기본 개념과 모델 평가를 한국어 Google 자료로 학습한다,https://developers.google.com/machine-learning/intro-to-ml?hl=ko,공식학습,beginner,한국어,무료,8시간,5,머신러닝 기본 경험을 빠르게 만들 수 있음
ML003,AI/ML 엔지니어,Machine Learning,입문 강의,모두를 위한 딥러닝 시즌2 PyTorch,머신러닝과 딥러닝 기초를 한국어 강의 코드로 학습한다,https://github.com/deeplearningzerotoall/PyTorch,오픈소스,beginner,한국어,무료,10시간,4,한국어 ML 입문 자료로 널리 쓰이는 강의 코드
ML004,AI/ML 엔지니어,PyTorch,딥러닝 프레임워크,PyTorch 한국어 튜토리얼,Tensor Dataset Autograd 모델 학습 루프를 한국어 공식 튜토리얼로 익힌다,https://tutorials.pytorch.kr/,공식문서,beginner,한국어,무료,6시간,5,잡코리아 ML AI 공고에서 PyTorch 요구가 반복됨
ML005,AI/ML 엔지니어,TensorFlow,딥러닝 프레임워크,TensorFlow 튜토리얼 한국어,TensorFlow 모델 학습 평가 저장 흐름을 한국어 공식 문서로 익힌다,https://www.tensorflow.org/tutorials?hl=ko,공식문서,beginner,한국어,무료,6시간,5,TensorFlow도 AI 공고에서 PyTorch와 함께 반복됨
ML006,AI/ML 엔지니어,Keras,모델링 API,TensorFlow Keras 가이드 한국어,Keras 모델 정의 학습 커스터마이징을 한국어 문서로 학습한다,https://www.tensorflow.org/guide/keras?hl=ko,공식문서,intermediate,한국어,무료,5시간,5,TensorFlow 기반 모델 구현을 단순화해 설명 가능
ML007,AI/ML 엔지니어,OpenCV,컴퓨터비전,빵형의 개발도상국 OpenCV YouTube 검색,OpenCV와 컴퓨터비전 실습을 한국어 영상으로 찾아 학습한다,https://www.youtube.com/results?search_query=%EB%B9%B5%ED%98%95%EC%9D%98+%EA%B0%9C%EB%B0%9C%EB%8F%84%EC%83%81%EA%B5%AD+OpenCV,유튜브,intermediate,한국어,무료,6시간,3,AI/컴퓨터비전 입문자가 실습 감각을 잡기 좋은 한국어 영상 자료
ML008,AI/ML 엔지니어,Computer Vision,객체 탐지,모두를 위한 딥러닝 Computer Vision YouTube 검색,딥러닝과 컴퓨터비전 개념을 한국어 강의 영상으로 보완한다,https://www.youtube.com/results?search_query=%EB%AA%A8%EB%91%90%EB%A5%BC+%EC%9C%84%ED%95%9C+%EB%94%A5%EB%9F%AC%EB%8B%9D+Computer+Vision,유튜브,advanced,한국어,무료,8시간,3,객체탐지와 딥러닝 모델 구현 요구 대응
ML009,AI/ML 엔지니어,ONNX,모델 교환,인프런 ONNX 강의 모음,ONNX 모델 변환과 배포 관련 한국어 강의를 찾아 학습한다,https://www.inflearn.com/ko/search?s=ONNX,강의,intermediate,한국어,무료,4시간,3,ONNX 요구가 있는 ML 공고 대응
ML010,AI/ML 엔지니어,Transformers,NLP/LLM,Hugging Face Transformers 한국어 문서,Transformers 모델 로딩 추론 파인튜닝 흐름을 한국어 문서로 학습한다,https://huggingface.co/docs/transformers/main/ko/index,공식문서,intermediate,한국어,무료,6시간,5,LLM AI 공고의 모델 활용 역량 보완
ML011,AI/ML 엔지니어,Hugging Face,LLM 학습,인프런 NLP 강의 모음,자연어처리와 Transformer 강의를 한국어로 찾아 학습한다,https://www.inflearn.com/ko/search?s=NLP,강의,intermediate,한국어,무료,10시간,3,LLM NLP 관련 역량 보완
ML012,AI/ML 엔지니어,LangChain,LLM 앱,테디노트 LangChain YouTube 검색,테디노트의 LangChain RAG 앱 개발 관련 한국어 영상을 찾아 학습한다,https://www.youtube.com/results?search_query=%ED%85%8C%EB%94%94%EB%85%B8%ED%8A%B8+LangChain,유튜브,intermediate,한국어,무료,6시간,3,LLM 앱과 RAG 실습을 한국어 영상으로 보완
ML013,AI/ML 엔지니어,vLLM,LLM 서빙,인프런 vLLM 강의 모음,vLLM과 LLM 서빙 관련 한국어 강의를 찾아 학습한다,https://www.inflearn.com/ko/search?s=vLLM,강의,advanced,한국어,무료,5시간,3,vLLM 요구가 있는 최신 ML 공고 대응
ML014,AI/ML 엔지니어,MLflow,MLOps,인프런 MLflow 강의 모음,MLflow 실험 추적과 MLOps 강의를 한국어로 찾아 학습한다,https://www.inflearn.com/ko/search?s=MLflow,강의,intermediate,한국어,무료,6시간,3,MLOps 운영 역량 보완
ML015,AI/ML 엔지니어,DVC,버전관리,인프런 DVC 강의 모음,데이터와 모델 버전관리 관련 한국어 강의를 찾아 학습한다,https://www.inflearn.com/ko/search?s=DVC,강의,intermediate,한국어,무료,5시간,3,모델 재현성과 협업 역량 보완
ML016,AI/ML 엔지니어,Docker,모델 실행환경,테디노트 Docker YouTube 검색,Docker 컨테이너와 실행 환경을 한국어 영상 자료로 찾아 학습한다,https://www.youtube.com/results?search_query=%ED%85%8C%EB%94%94%EB%85%B8%ED%8A%B8+Docker,유튜브,beginner,한국어,무료,4시간,3,ML 배포와 MLOps에서 컨테이너 이해가 필요
ML017,AI/ML 엔지니어,SageMaker,클라우드 ML,Amazon SageMaker 한국어 문서,SageMaker 기반 모델 학습 배포 환경을 한국어 AWS 문서로 이해한다,https://docs.aws.amazon.com/ko_kr/sagemaker/latest/dg/whatis.html,공식문서,intermediate,한국어,무료,6시간,5,AI ML 공고의 클라우드 운영 요구 보완
ML018,AI/ML 엔지니어,Spark,대용량 데이터,인프런 Spark 강의 모음,Spark 기반 대용량 데이터 처리 강의를 한국어로 찾아 학습한다,https://www.inflearn.com/ko/search?s=Spark,강의,intermediate,한국어,무료,6시간,3,빅데이터 AI 공고의 Spark Hadoop 요구 대응
ML019,AI/ML 엔지니어,통계,모델 이해,혁펜하임 YouTube,수학 통계 머신러닝 개념을 한국어 영상으로 보완한다,https://www.youtube.com/@hyukppen,유튜브,beginner,한국어,무료,6시간,3,ML 개념 설명력을 높이기 좋은 한국어 채널
ML020,AI/ML 엔지니어,MLOps,실무 로드맵,테디노트 YouTube,LLM RAG LangChain 실무 흐름을 한국어 영상으로 학습한다,https://www.youtube.com/@teddynote,유튜브,intermediate,한국어,무료,6시간,3,LLM 앱과 RAG 실습 보완에 적합한 한국어 채널
BE001,백엔드 개발자,Java,언어 기초,인프런 Java 강의 모음,Java 객체지향과 백엔드 기초 강의를 한국어로 찾아 학습한다,https://www.inflearn.com/ko/search?s=Java,강의,beginner,한국어,무료,8시간,3,잡코리아 백엔드 공고에서 Java가 반복됨
BE002,백엔드 개발자,Spring Boot,REST API,메타코딩 Spring Boot YouTube 검색,Spring Boot REST API 개발 한국어 영상 자료를 찾아 학습한다,https://www.youtube.com/results?search_query=%EB%A9%94%ED%83%80%EC%BD%94%EB%94%A9+Spring+Boot,유튜브,beginner,한국어,무료,6시간,3,Spring Boot 백엔드 요구를 실습형 영상으로 보완
BE003,백엔드 개발자,JPA,데이터 접근,우아한Tech JPA YouTube 검색,JPA ORM과 백엔드 설계 관련 한국어 영상 자료를 찾아 학습한다,https://www.youtube.com/results?search_query=%EC%9A%B0%EC%95%84%ED%95%9CTech+JPA,유튜브,intermediate,한국어,무료,6시간,3,JPA ORM 요구가 반복되는 백엔드 공고 대응
BE004,백엔드 개발자,Spring Security,인증/인가,인프런 Spring Security 강의 모음,Spring Security 인증 인가 강의를 한국어로 찾아 학습한다,https://www.inflearn.com/ko/search?s=Spring+Security,강의,intermediate,한국어,무료,6시간,3,백엔드 인증 인가 경험 보완
BE005,백엔드 개발자,REST API,API 설계,Microsoft REST API 설계 모범 사례 한국어,REST API 리소스 설계 상태코드 버전관리 원칙을 한국어 문서로 정리한다,https://learn.microsoft.com/ko-kr/azure/architecture/best-practices/api-design,공식문서,intermediate,한국어,무료,5시간,5,API RESTful Open API 요구가 반복됨
BE006,백엔드 개발자,OpenAPI,API 문서화,인프런 Swagger OpenAPI 강의 모음,OpenAPI와 Swagger 문서화 강의를 한국어로 찾아 학습한다,https://www.inflearn.com/ko/search?s=Swagger+OpenAPI,강의,beginner,한국어,무료,3시간,3,Open API와 협업형 API 문서화 요구 대응
BE007,백엔드 개발자,AWS,EC2 배포,Amazon EC2 시작하기 한국어,EC2 인스턴스 생성 접속 배포 기본 흐름을 한국어 문서로 학습한다,https://docs.aws.amazon.com/ko_kr/AWSEC2/latest/UserGuide/EC2_GetStarted.html,공식문서,beginner,한국어,무료,5시간,5,AWS 인프라 운영 배포 요구가 반복됨
BE008,백엔드 개발자,AWS,RDS 운영,Amazon RDS 한국어 문서,RDS 데이터베이스 생성 연결 운영 기본을 한국어 문서로 익힌다,https://docs.aws.amazon.com/ko_kr/AmazonRDS/latest/UserGuide/Welcome.html,공식문서,intermediate,한국어,무료,5시간,5,DB 운영과 클라우드 배포 경험 보완
BE009,백엔드 개발자,Docker,컨테이너,인프런 Docker 강의 모음,Docker 컨테이너와 백엔드 배포 강의를 한국어로 찾아 학습한다,https://www.inflearn.com/ko/search?s=Docker,강의,beginner,한국어,무료,4시간,3,Docker CI CD 환경 경험 요구 대응
BE010,백엔드 개발자,Docker,Docker Compose,인프런 Docker Compose 강의 모음,Docker Compose 기반 API DB 실행 강의를 한국어로 찾아 학습한다,https://www.inflearn.com/ko/search?s=Docker+Compose,강의,intermediate,한국어,무료,4시간,3,백엔드 프로젝트 실행 환경을 묶기 좋음
BE011,백엔드 개발자,CI/CD,GitHub Actions,GitHub Actions 한국어 문서,빌드 테스트 배포 자동화 워크플로우를 한국어 공식 문서로 학습한다,https://docs.github.com/ko/actions,공식문서,beginner,한국어,무료,5시간,5,백엔드 공고에서 CI CD 환경 경험이 반복됨
BE012,백엔드 개발자,CI/CD,Docker Action,GitHub Docker 컨테이너 작업 한국어 문서,Docker 컨테이너 기반 GitHub Actions 흐름을 한국어 공식 문서로 학습한다,https://docs.github.com/ko/actions/tutorials/using-containerized-services/creating-a-docker-container-action,공식문서,intermediate,한국어,무료,4시간,5,Docker와 CI CD를 함께 보완
BE013,백엔드 개발자,Git,협업,Pro Git 한국어판,브랜치 커밋 병합 등 Git 기본을 한국어 공식 책으로 정리한다,https://git-scm.com/book/ko/v2,공식문서,beginner,한국어,무료,4시간,5,Git GitHub 협업 요구가 반복됨
BE014,백엔드 개발자,PostgreSQL,DB 기초,PostgreSQL 한국어 문서,관계형 DB 설계와 SQL 기본 흐름을 한국어 문서로 익힌다,https://postgresql.kr/docs/,공식문서,beginner,한국어,무료,5시간,4,DB 연동과 서버 개발 역량의 기본 자료
BE015,백엔드 개발자,MySQL,DB 실습,생활코딩 MySQL 강의 검색,MySQL과 관계형 DB 기초를 한국어 강의로 보완한다,https://www.youtube.com/results?search_query=%EC%83%9D%ED%99%9C%EC%BD%94%EB%94%A9+MySQL,유튜브,beginner,한국어,무료,6시간,3,MariaDB MySQL 계열 요구 대응
BE016,백엔드 개발자,Redis,캐시,개발바닥 Redis YouTube 검색,Redis 캐시와 백엔드 성능 개선 관련 한국어 영상을 찾아 학습한다,https://www.youtube.com/results?search_query=%EA%B0%9C%EB%B0%9C%EB%B0%94%EB%8B%A5+Redis,유튜브,intermediate,한국어,무료,4시간,3,캐싱과 성능 개선 경험 보완
BE017,백엔드 개발자,Kotlin,JVM 언어,인프런 Kotlin 강의 모음,Kotlin JVM 백엔드 활용 강의를 한국어로 찾아 학습한다,https://www.inflearn.com/ko/search?s=Kotlin,강의,beginner,한국어,무료,5시간,3,Kotlin이 Java와 함께 등장하는 공고 대응
BE018,백엔드 개발자,Node.js,서버 런타임,인프런 Node.js 강의 모음,Node.js 런타임과 서버 개발 강의를 한국어로 찾아 학습한다,https://www.inflearn.com/ko/search?s=Node.js,강의,beginner,한국어,무료,5시간,3,Node.js 백엔드 요구 공고 대응
BE019,백엔드 개발자,CI/CD,Jenkins,인프런 Jenkins 강의 모음,Jenkins 기반 빌드 배포 자동화 강의를 한국어로 찾아 학습한다,https://www.inflearn.com/ko/search?s=Jenkins,강의,intermediate,한국어,무료,5시간,3,Jenkins 기반 CI CD 요구 대응
BE020,백엔드 개발자,Docker,실무 영상,따라하며 배우는 Docker YouTube 검색,Docker와 배포 실습 영상을 한국어로 찾아 학습한다,https://www.youtube.com/results?search_query=Docker+%EA%B0%95%EC%9D%98+%ED%95%9C%EA%B5%AD%EC%96%B4,유튜브,intermediate,한국어,무료,6시간,3,Docker DevOps 입문 보완
FE001,프론트엔드 개발자,HTML,웹 기초,MDN HTML 한국어,시맨틱 HTML과 문서 구조를 한국어 MDN으로 익힌다,https://developer.mozilla.org/ko/docs/Learn/HTML,공식문서,beginner,한국어,무료,4시간,5,프론트엔드 기초와 접근성의 시작점
FE002,프론트엔드 개발자,CSS,웹 스타일링,MDN CSS 한국어,레이아웃 박스 모델 반응형 스타일링을 한국어 MDN으로 학습한다,https://developer.mozilla.org/ko/docs/Learn/CSS,공식문서,beginner,한국어,무료,5시간,5,프론트엔드 구현의 기본 역량
FE003,프론트엔드 개발자,JavaScript,언어 기초,MDN JavaScript 가이드 한국어,ES6 문법 함수 객체 비동기 기초를 한국어 문서로 정리한다,https://developer.mozilla.org/ko/docs/Web/JavaScript/Guide,공식문서,beginner,한국어,무료,8시간,5,JavaScript ES6 요구 대응
FE004,프론트엔드 개발자,TypeScript,타입 시스템,TypeScript 한글 문서,타입 인터페이스 제네릭 등 실무 TS 기본을 한국어로 익힌다,https://typescript-kr.github.io/,문서,beginner,한국어,무료,6시간,4,TypeScript는 React Next 공고에서 반복됨
FE005,프론트엔드 개발자,React,컴포넌트,React 공식 한국어 문서,컴포넌트 props state 이벤트 렌더링 흐름을 한국어 공식 문서로 학습한다,https://ko.react.dev/learn,공식문서,beginner,한국어,무료,6시간,5,잡코리아 프론트엔드 공고에서 React 요구가 반복됨
FE006,프론트엔드 개발자,Next.js,프레임워크,Next.js 한국어 문서,라우팅 렌더링 데이터 패칭 배포 흐름을 한국어 문서로 학습한다,https://nextjs-ko.org/docs,문서,intermediate,한국어,무료,6시간,4,Next.js는 최근 프론트 공고에서 자주 등장
FE007,프론트엔드 개발자,Git,협업,GitHub 시작하기 한국어 문서,GitHub 기반 저장소 협업 PR 이슈 흐름을 한국어 문서로 익힌다,https://docs.github.com/ko/get-started,공식문서,beginner,한국어,무료,4시간,5,Git GitHub 요구가 반복됨
FE008,프론트엔드 개발자,Tailwind CSS,스타일링,코딩애플 Tailwind CSS YouTube 검색,Tailwind CSS와 프론트엔드 UI 구현 관련 한국어 영상을 찾아 학습한다,https://www.youtube.com/results?search_query=%EC%BD%94%EB%94%A9%EC%95%A0%ED%94%8C+Tailwind+CSS,유튜브,beginner,한국어,무료,4시간,3,React Next UI 구현 역량 보완
FE009,프론트엔드 개발자,React Query,서버 상태,드림코딩 React Query YouTube 검색,React Query 서버 상태 관리 관련 한국어 영상을 찾아 학습한다,https://www.youtube.com/results?search_query=%EB%93%9C%EB%A6%BC%EC%BD%94%EB%94%A9+React+Query,유튜브,intermediate,한국어,무료,5시간,3,React Query가 최신 프론트 공고에서 반복됨
FE010,프론트엔드 개발자,Redux,상태관리,Redux 한국어 문서,Redux Toolkit 기반 전역 상태관리 기본을 한국어 문서로 익힌다,https://ko.redux.js.org/,문서,intermediate,한국어,무료,4시간,4,Redux Recoil Zustand 같은 상태관리 요구 대응
FE011,프론트엔드 개발자,Zustand,상태관리,인프런 Zustand 강의 모음,Zustand 전역 상태관리 강의를 한국어로 찾아 학습한다,https://www.inflearn.com/ko/search?s=Zustand,강의,beginner,한국어,무료,3시간,3,Zustand 요구가 있는 프론트 공고 대응
FE012,프론트엔드 개발자,Vite,빌드 도구,Vite 한국어 문서,Vite 프로젝트 구성 개발 서버 빌드 기본을 한국어 문서로 학습한다,https://ko.vite.dev/guide/,공식문서,beginner,한국어,무료,3시간,5,Vite Webpack 요구 대응
FE013,프론트엔드 개발자,Webpack,번들링,Webpack 한국어 문서,엔트리 로더 플러그인 번들링 개념을 한국어 문서로 학습한다,https://webpack.kr/concepts/,문서,intermediate,한국어,무료,4시간,4,Vite Webpack 기반 빌드 환경 이해 보완
FE014,프론트엔드 개발자,Jest,테스트,코딩앙마 Jest YouTube 검색,Jest 테스트 기초를 한국어 영상으로 찾아 학습한다,https://www.youtube.com/results?search_query=%EC%BD%94%EB%94%A9%EC%95%99%EB%A7%88+Jest,유튜브,beginner,한국어,무료,4시간,3,프론트엔드 테스트 역량 보완
FE015,프론트엔드 개발자,Testing Library,UI 테스트,인프런 Testing Library 강의 모음,사용자 관점의 컴포넌트 테스트 강의를 한국어로 찾아 학습한다,https://www.inflearn.com/ko/search?s=Testing+Library,강의,intermediate,한국어,무료,4시간,3,React 테스트 신뢰도를 높이는 기본 자료
FE016,프론트엔드 개발자,Playwright,E2E 테스트,인프런 Playwright 강의 모음,브라우저 기반 E2E 테스트 강의를 한국어로 찾아 학습한다,https://www.inflearn.com/ko/search?s=Playwright,강의,intermediate,한국어,무료,5시간,3,포트폴리오에서 품질 역량을 보여주기 좋음
FE017,프론트엔드 개발자,접근성,웹 접근성,MDN 접근성 한국어,시맨틱 마크업 키보드 접근성 ARIA 기본을 한국어 문서로 학습한다,https://developer.mozilla.org/ko/docs/Learn/Accessibility,공식문서,beginner,한국어,무료,4시간,5,프론트엔드 완성도를 높이는 핵심 보완 역량
FE018,프론트엔드 개발자,API 연동,OpenAPI/Swagger,인프런 OpenAPI 강의 모음,백엔드 API 스펙을 읽고 연동하는 기본 구조를 한국어 강의로 찾아 학습한다,https://www.inflearn.com/ko/search?s=OpenAPI,강의,beginner,한국어,무료,3시간,3,Swagger OpenAPI 요구 대응
FE019,프론트엔드 개발자,CSS,실무 채널,드림코딩 YouTube,HTML CSS JavaScript React 실무 감각을 한국어 영상으로 보완한다,https://www.youtube.com/@dream-coding,유튜브,beginner,한국어,무료,6시간,3,프론트엔드 입문자에게 인기 있는 한국어 채널
FE020,프론트엔드 개발자,Frontend,실무 채널,노마드 코더 YouTube,React Next TypeScript 웹 개발 흐름을 한국어 영상으로 복습한다,https://www.youtube.com/@nomadcoders,유튜브,beginner,한국어,무료,6시간,3,프론트엔드 입문자에게 인기 있는 한국어 채널
BE021,백엔드 개발자,Kubernetes,컨테이너 오케스트레이션,Kubernetes 공식 한국어 문서,Kubernetes 기본 개념과 배포 오브젝트를 공식 한국어 문서로 학습한다,https://kubernetes.io/ko/docs/home/,공식문서,intermediate,한국어,무료,8시간,5,백엔드 공고에서 컨테이너 운영과 배포 역량 보완
BE022,백엔드 개발자,Kubernetes,실습 강의,인프런 Kubernetes 강의 모음,Kubernetes 입문과 실습 강의를 한국어로 찾아 학습한다,https://www.inflearn.com/ko/search?s=Kubernetes,강의,intermediate,한국어,무료,8시간,3,Docker 이후 운영 역량 확장을 위한 자료
BE023,백엔드 개발자,Kafka,메시징 시스템,Apache Kafka 공식 문서,Kafka 개념 토픽 프로듀서 컨슈머를 공식 문서로 학습한다,https://kafka.apache.org/documentation/,공식문서,intermediate,영어,무료,8시간,5,이벤트 기반 백엔드와 대용량 처리 역량 보완
BE024,백엔드 개발자,Kafka,한국어 강의,인프런 Kafka 강의 모음,Kafka와 메시지 큐 실습 강의를 한국어로 찾아 학습한다,https://www.inflearn.com/ko/search?s=Kafka,강의,intermediate,한국어,무료,8시간,3,백엔드 비동기 처리와 이벤트 스트리밍 역량 보완
BE025,백엔드 개발자,JUnit,테스트 자동화,JUnit 5 공식 문서,JUnit 5 기반 단위 테스트 작성법을 공식 문서로 학습한다,https://junit.org/junit5/docs/current/user-guide/,공식문서,beginner,영어,무료,5시간,5,백엔드 테스트 코드 작성 역량 보완
BE026,백엔드 개발자,JUnit,테스트 강의,인프런 JUnit 강의 모음,JUnit과 Spring 테스트 강의를 한국어로 찾아 학습한다,https://www.inflearn.com/ko/search?s=JUnit,강의,beginner,한국어,무료,5시간,3,실무 백엔드 테스트 작성 경험 보완

ML021,AI/ML 엔지니어,LLMOps,기초 개념,DeepLearning.AI LLMOps 강의,LLM 서비스의 배포·모니터링·평가 파이프라인을 실습 중심으로 학습한다,https://learn.deeplearning.ai/courses/llmops,강의,intermediate,영어,무료,4시간,5,잡코리아 AI 공고에서 LLMOps 요구가 반복됨 — DeepLearning.AI 공식 단기 강의
ML022,AI/ML 엔지니어,LLMOps,파이프라인 도구,MLflow 공식 문서,LLM 실험 추적·모델 관리·서빙을 MLflow로 구현하는 공식 문서,https://mlflow.org/docs/latest/index.html,공식문서,intermediate,영어,무료,6시간,5,LLMOps 파이프라인 구축 표준 도구 — 공식 문서로 바로 학습
ML023,AI/ML 엔지니어,LLMOps,배포 실습,BentoML 공식 문서,LLM/ML 모델을 REST API로 패키징·배포하는 BentoML 공식 가이드,https://docs.bentoml.com/en/latest/,공식문서,intermediate,영어,무료,5시간,4,LLMOps 배포 파이프라인 실습용 — 빠른 프로토타이핑에 적합
ML024,AI/ML 엔지니어,LLMOps,모니터링,LangSmith 공식 문서,LLM 애플리케이션 추적·평가·모니터링을 위한 LangSmith 공식 가이드,https://docs.smith.langchain.com/,공식문서,intermediate,영어,무료,3시간,5,LangChain 생태계 LLMOps 모니터링 도구 — 실무 필수
ML025,AI/ML 엔지니어,AI Agent,개념 및 설계,LangChain Agent 공식 문서,LangChain으로 AI Agent를 설계하고 도구를 연결하는 공식 가이드,https://python.langchain.com/docs/how_to/#agents,공식문서,intermediate,영어,무료,4시간,5,잡코리아 AI 공고에서 AI Agent 요구 급증 — LangChain 표준 구현 문서
ML026,AI/ML 엔지니어,AI Agent,실습 강의,DeepLearning.AI AI Agents in LangGraph,LangGraph 기반 상태머신 에이전트를 단계별로 구현하는 무료 강의,https://www.deeplearning.ai/short-courses/ai-agents-in-langgraph/,강의,intermediate,영어,무료,4시간,5,AI Agent 실무 구현의 가장 최신 접근법 — DeepLearning.AI 공식
ML027,AI/ML 엔지니어,AI Agent,API 레퍼런스,OpenAI Assistants API 공식 문서,OpenAI Assistants API로 도구·메모리·파일 검색을 통합한 Agent 구축 가이드,https://platform.openai.com/docs/assistants/overview,공식문서,intermediate,영어,무료,3시간,5,OpenAI 생태계 Agent 개발 레퍼런스 — 실무 직결
ML028,AI/ML 엔지니어,AI Agent,고급 구현,Anthropic Tool Use 공식 문서,Claude를 이용한 도구 호출 에이전트 구현 공식 가이드,https://docs.anthropic.com/en/docs/build-with-claude/tool-use,공식문서,advanced,영어,무료,3시간,5,AI Agent 도구 연결의 핵심 패턴 — Anthropic 공식 문서
ML029,AI/ML 엔지니어,ChatGPT,프롬프트 엔지니어링,OpenAI 프롬프트 엔지니어링 가이드,GPT 모델 성능을 높이는 공식 프롬프트 엔지니어링 모범 사례,https://platform.openai.com/docs/guides/prompt-engineering,공식문서,beginner,영어,무료,2시간,5,잡코리아 AI 공고에서 ChatGPT/프롬프트 엔지니어링 요구 반복 — OpenAI 공식
ML030,AI/ML 엔지니어,ChatGPT,실습 강의,DeepLearning.AI ChatGPT Prompt Engineering,OpenAI와 DeepLearning.AI가 공동 제작한 프롬프트 엔지니어링 무료 강의,https://www.deeplearning.ai/short-courses/chatgpt-prompt-engineering-for-developers/,강의,beginner,영어,무료,2시간,5,ChatGPT 실무 활용의 공식 입문 강의 — 무료·검증됨
ML031,AI/ML 엔지니어,ChatGPT,실습 예제,OpenAI Cookbook,GPT API 활용 예제·레시피를 모은 OpenAI 공식 오픈소스 쿡북,https://cookbook.openai.com/,공식문서,intermediate,영어,무료,자기 페이스,5,ChatGPT API 실무 패턴 레퍼런스 — 검색·RAG·에이전트 예제 포함
ML032,AI/ML 엔지니어,RPA,플랫폼 입문,UiPath Academy 무료 과정,업계 표준 RPA 플랫폼 UiPath의 공식 무료 교육 아카데미,https://academy.uipath.com/,강의,beginner,한국어,무료,10시간,5,잡코리아 AI 자동화 공고에서 RPA(UiPath) 요구 반복 — 공식 무료 자격증 과정
ML033,AI/ML 엔지니어,RPA,공식 문서,UiPath 공식 문서,UiPath Studio·Orchestrator·봇 배포 등 전체 RPA 워크플로우 공식 레퍼런스,https://docs.uipath.com/,공식문서,intermediate,한국어,무료,자기 페이스,5,RPA 실무 구현의 공식 레퍼런스 — 한국어 지원
ML034,AI/ML 엔지니어,RPA,마이크로소프트 RPA,Power Automate 공식 문서,Microsoft 생태계 RPA·자동화 플로우 구축 공식 가이드,https://learn.microsoft.com/ko-kr/power-automate/,공식문서,beginner,한국어,무료,5시간,5,Microsoft 365 환경 RPA 자동화 표준 — 한국어 공식 문서
BE027,백엔드 개발자,Go,언어 입문,Go 공식 투어,Go 언어 핵심 개념을 인터랙티브하게 학습하는 공식 Tour of Go,https://go.dev/tour/,공식문서,beginner,영어,무료,4시간,5,잡코리아 백엔드 공고에서 Go 요구 증가 — 공식 입문 가이드
BE028,백엔드 개발자,Go,공식 레퍼런스,Go 공식 문서,Go 언어 표준 라이브러리·도구 체인 전체 공식 레퍼런스,https://go.dev/doc/,공식문서,intermediate,영어,무료,자기 페이스,5,Go 실무 개발의 표준 레퍼런스 — 공식 문서
BE029,백엔드 개발자,Go,실습 예제,Go by Example,Go 언어 핵심 패턴을 예제 코드로 학습하는 커뮤니티 레퍼런스,https://gobyexample.com/,공식문서,beginner,영어,무료,자기 페이스,4,Go 문법·패턴을 빠르게 익히기 위한 예제 모음
BE030,백엔드 개발자,Go,고급 패턴,Effective Go,Go 코드를 Go답게 작성하는 공식 가이드라인 문서,https://go.dev/doc/effective_go,공식문서,advanced,영어,무료,3시간,5,Go 숙련자 필독 — 이디엄 패턴과 성능 최적화
BE031,백엔드 개발자,NoSQL,MongoDB 공식,MongoDB 공식 문서,MongoDB의 데이터 모델·쿼리·인덱스·집계 파이프라인 공식 레퍼런스,https://www.mongodb.com/docs/manual/,공식문서,intermediate,영어,무료,자기 페이스,5,잡코리아 백엔드 공고에서 NoSQL(MongoDB) 요구 반복 — 공식 레퍼런스
BE032,백엔드 개발자,NoSQL,MongoDB 교육,MongoDB University 무료 강의,MongoDB 공식 교육 플랫폼에서 제공하는 무료 인증 강의,https://learn.mongodb.com/,강의,beginner,영어,무료,8시간,5,MongoDB 실무 입문 — 공식 무료 인증 과정
BE033,백엔드 개발자,NoSQL,Redis,Redis 공식 문서,Redis 데이터 구조·캐싱·pub-sub·스트림 전체 공식 레퍼런스,https://redis.io/docs/,공식문서,intermediate,영어,무료,자기 페이스,5,NoSQL 캐시 레이어 표준 — Redis 공식 문서
BE034,백엔드 개발자,NoSQL,Firebase,Firebase Firestore 공식 문서,Google Firebase Firestore NoSQL 클라우드 DB 공식 구현 가이드,https://firebase.google.com/docs/firestore,공식문서,beginner,영어,무료,자기 페이스,5,서버리스 NoSQL 패턴 학습 — Firebase 공식

BE035,백엔드 개발자,NoSQL,Elasticsearch,Elasticsearch 공식 문서,분산 검색·분석 엔진 Elasticsearch의 인덱싱·쿼리·집계 공식 레퍼런스,https://www.elastic.co/guide/en/elasticsearch/reference/current/index.html,공식문서,intermediate,영어,무료,자기 페이스,5,잡코리아 백엔드 공고에서 검색 엔진 NoSQL 요구 반복 — Elastic 공식 문서
BE036,백엔드 개발자,NoSQL,DynamoDB,AWS DynamoDB 공식 문서,AWS 서버리스 NoSQL DB DynamoDB의 데이터 모델·쿼리·용량 관리 공식 가이드,https://docs.aws.amazon.com/amazondynamodb/latest/developerguide/Introduction.html,공식문서,intermediate,영어,무료,자기 페이스,5,AWS 기반 백엔드 공고에서 DynamoDB 요구 반복 — AWS 공식 레퍼런스

ML035,AI/ML 엔지니어,RAG,개념 및 구현,LangChain RAG 공식 문서,LangChain으로 Retrieval-Augmented Generation 파이프라인을 구축하는 공식 가이드,https://python.langchain.com/docs/tutorials/rag/,공식문서,intermediate,영어,무료,4시간,5,잡코리아 AI 공고에서 RAG 요구 급증 — LangChain 공식 RAG 튜토리얼
ML036,AI/ML 엔지니어,Vector DB,개념 및 실습,Chroma 공식 문서,오픈소스 벡터 DB Chroma로 임베딩 저장·검색·RAG를 구현하는 공식 가이드,https://docs.trychroma.com/,공식문서,intermediate,영어,무료,3시간,5,RAG·AI Agent 핵심 인프라 — 오픈소스 벡터 DB 공식 문서
ML037,AI/ML 엔지니어,Prompt Engineering,체계적 방법론,Prompt Engineering Guide,LLM 프롬프트 설계의 체계적 기법과 사례를 정리한 오픈소스 커뮤니티 가이드,https://www.promptingguide.ai/,공식문서,intermediate,영어,무료,3시간,5,잡코리아 AI 공고 Prompt Engineering 요구 — 커뮤니티 검증 종합 가이드
BE037,백엔드 개발자,MSSQL,공식 문서,Microsoft SQL Server 공식 문서,MS SQL Server의 쿼리·인덱스·트랜잭션·성능 최적화 공식 레퍼런스,https://learn.microsoft.com/ko-kr/sql/sql-server/,공식문서,intermediate,한국어,무료,자기 페이스,5,잡코리아 백엔드 공고에서 MSSQL 요구 반복 — Microsoft 공식 한국어 문서
BE038,백엔드 개발자,Oracle,공식 문서,Oracle Database 공식 문서,Oracle DB의 SQL·PL/SQL·성능 튜닝·DBA 관리 공식 레퍼런스,https://docs.oracle.com/en/database/oracle/oracle-database/,공식문서,intermediate,영어,무료,자기 페이스,5,잡코리아 백엔드 공고에서 Oracle DB 요구 반복 — Oracle 공식 문서
BE039,백엔드 개발자,gRPC,공식 문서,gRPC 공식 문서,gRPC 프로토콜·Protobuf 정의·서비스 구현 공식 가이드,https://grpc.io/docs/,공식문서,intermediate,영어,무료,3시간,5,잡코리아 백엔드 공고에서 gRPC 마이크로서비스 요구 반복 — 공식 문서
X001,백엔드 개발자,Linux,,생활코딩 리눅스,"리눅스 명령어·파일 시스템 입문(무료, 한국어 자막)",https://opentutorials.org/course/2598,공식학습,beginner,한국어,무료,6시간,5,"리눅스 명령어·파일 시스템 입문(무료, 한국어 자막)"
X002,백엔드 개발자,Linux,,개발자를 위한 쉬운 리눅스,실무에 필요한 리눅스 기본기 2시간 압축(무료),https://www.inflearn.com/course/%EA%B0%9C%EB%B0%9C%EC%9E%90%EB%A5%BC-%EC%9C%84%ED%95%9C-%EC%89%AC%EC%9A%B4-%EB%A6%AC%EB%88%85%EC%8A%A4,강의,intermediate,한국어,무료,2시간,4,실무에 필요한 리눅스 기본기 2시간 압축(무료)
X003,백엔드 개발자,Linux,,이것이 우분투 리눅스다,설치~서버·네트워크까지 우분투 심화(무료),https://www.inflearn.com/course/%EC%9D%B4%EA%B2%83%EC%9D%B4-%EC%9A%B0%EB%B6%84%ED%88%AC-%EB%A6%AC%EB%88%85%EC%8A%A4%EB%8B%A4,강의,advanced,한국어,무료,10시간,4,설치~서버·네트워크까지 우분투 심화(무료)
X004,백엔드 개발자,Django,,Django 초보 가이드 — 실습으로 알아보는 장고 입문,실습 중심 장고 입문(무료),https://www.inflearn.com/course/django-%EC%B4%88%EB%B3%B4-%EA%B0%80%EC%9D%B4%EB%93%9C-%EC%8B%A4%EC%8A%B5%EC%9D%84-%ED%86%B5%ED%95%B4-%EC%95%8C%EC%95%84%EB%B3%B4%EB%8A%94-%EC%9E%A5%EA%B3%A0-%EC%9E%85%EB%AC%B8,강의,beginner,한국어,무료,3시간,4,실습 중심 장고 입문(무료)
X005,백엔드 개발자,Django,,파이썬으로 장고 공략하기: 입문,게시판~AWS 배포까지 실전 장고,https://www.inflearn.com/course/django-course,강의,intermediate,한국어,무료,8시간,4,게시판~AWS 배포까지 실전 장고
X006,백엔드 개발자,Django,,Django 공식 문서(한국어),모델·뷰·보안 전 영역 공식 레퍼런스,https://docs.djangoproject.com/ko/5.0/,공식문서,advanced,한국어,무료,참고,5,모델·뷰·보안 전 영역 공식 레퍼런스
X007,프론트엔드 개발자,Vue,,Vue.js 입문서 — 캡틴판교,프론트 개발자를 위한 Vue 입문 정리,https://joshua1988.github.io/web-development/vuejs/vuejs-tutorial-for-beginner/,문서,beginner,한국어,무료,2시간,4,프론트 개발자를 위한 Vue 입문 정리
X008,프론트엔드 개발자,Vue,,Age of Vue.js — 캡틴판교,컴포넌트 설계·프로젝트 구조 실전,https://www.inflearn.com/course/age-of-vuejs,강의,intermediate,한국어,무료,6시간,4,컴포넌트 설계·프로젝트 구조 실전
X009,프론트엔드 개발자,Vue,,Vue.js 공식 가이드(한국어),Composition API 등 공식 심화 가이드,https://ko.vuejs.org/guide/introduction.html,공식문서,advanced,한국어,무료,참고,5,Composition API 등 공식 심화 가이드
X010,백엔드 개발자,MongoDB,,MongoDB — Javascript로 배우는 NoSQL DB,JS로 배우는 몽고DB 기초,https://www.inflearn.com/course/mongodb_grammar_basics,강의,beginner,한국어,무료,4시간,4,JS로 배우는 몽고DB 기초
X011,백엔드 개발자,MongoDB,,mongoDB 기초부터 실무까지(feat. Node.js),Node.js 연동 실무 활용,https://www.inflearn.com/course/%EB%AA%BD%EA%B3%A0%EB%94%94%EB%B9%84-%EA%B8%B0%EC%B4%88-%EC%8B%A4%EB%AC%B4,강의,intermediate,한국어,무료,6시간,4,Node.js 연동 실무 활용
X012,백엔드 개발자,MongoDB,,MongoDB 공식 매뉴얼,스키마·인덱스·샤딩 공식 레퍼런스,https://www.mongodb.com/docs/manual/,공식문서,advanced,영어,무료,참고,5,스키마·인덱스·샤딩 공식 레퍼런스
X013,백엔드 개발자,Azure,,Azure 기본 사항 — 클라우드 개념(MS Learn),Azure 입문 공식 무료 학습 경로,https://learn.microsoft.com/ko-kr/training/paths/microsoft-azure-fundamentals-describe-cloud-concepts/,공식학습,beginner,한국어,무료,3시간,5,Azure 입문 공식 무료 학습 경로
X014,백엔드 개발자,Azure,,AZ-900: 클라우드 인프라 소개,핵심 서비스·거버넌스 자격 대비,https://learn.microsoft.com/ko-kr/training/courses/az-900t00,공식학습,intermediate,한국어,무료,8시간,5,핵심 서비스·거버넌스 자격 대비
X015,백엔드 개발자,Azure,,Azure 학습 허브(역할별 심화),역할별 심화 학습 경로 전체,https://learn.microsoft.com/ko-kr/training/azure/,공식학습,advanced,한국어,무료,참고,5,역할별 심화 학습 경로 전체
X016,백엔드 개발자,Elasticsearch,,Elastic 가이드북 — 김종민,한국어 엘라스틱서치 입문 가이드북,https://esbook.kimjmin.net/,문서,beginner,한국어,무료,6시간,5,한국어 엘라스틱서치 입문 가이드북
X017,백엔드 개발자,Elasticsearch,,엘라스틱서치 가이드북(GitHub),커뮤니티가 유지하는 한국어 ES 자료,https://github.com/eskrug/es-kr-guide,오픈소스,intermediate,한국어,무료,참고,4,커뮤니티가 유지하는 한국어 ES 자료
X018,백엔드 개발자,Elasticsearch,,ElasticSearch 한글 형태소 분석 실습,한글 분석기·매핑 심화 실습,https://wonyong-jang.github.io/elk/2021/06/19/ELK-Elastic-Search-analyze-korean2.html,문서,advanced,한국어,무료,참고,3,한글 분석기·매핑 심화 실습
X019,AI/ML 엔지니어,OCR,,Tesseract로 파이썬 OCR 구현하기,Tesseract 파이썬 OCR 입문,https://www.youdad.kr/implementing-python-ocr-with-tesseract/,문서,beginner,한국어,무료,1시간,3,Tesseract 파이썬 OCR 입문
X020,AI/ML 엔지니어,OCR,,EasyOCR(오픈소스),80개 언어 딥러닝 OCR 라이브러리(한국어 지원),https://github.com/JaidedAI/EasyOCR,오픈소스,intermediate,영어,무료,참고,4,80개 언어 딥러닝 OCR 라이브러리(한국어 지원)
X021,AI/ML 엔지니어,OCR,,Tesseract 공식 문서,학습·튜닝 공식 매뉴얼,https://tesseract-ocr.github.io/tessdoc/,공식문서,advanced,영어,무료,참고,4,학습·튜닝 공식 매뉴얼
X022,백엔드 개발자,MSA,,실무에서 전하는 따끈한 MSA 이야기,MSA 배경·패턴 개념 입문,https://www.inflearn.com/course/%EC%8B%A4%EB%AC%B4-msa-%EC%9D%B4%EC%95%BC%EA%B8%B0,강의,beginner,한국어,무료,3시간,4,MSA 배경·패턴 개념 입문
X023,백엔드 개발자,MSA,,Spring Cloud로 개발하는 MSA,Spring Cloud 게이트웨이·서비스메시 실전,https://www.inflearn.com/course/%EC%8A%A4%ED%94%84%EB%A7%81-%ED%81%B4%EB%9D%BC%EC%9A%B0%EB%93%9C-%EB%A7%88%EC%9D%B4%ED%81%AC%EB%A1%9C%EC%84%9C%EB%B9%84%EC%8A%A4,강의,intermediate,한국어,무료,10시간,4,Spring Cloud 게이트웨이·서비스메시 실전
X024,백엔드 개발자,MSA,,마이크로서비스 아키텍처 스타일(Azure Architecture),MSA 설계 패턴 공식 가이드,https://learn.microsoft.com/ko-kr/azure/architecture/guide/architecture-styles/microservices,공식문서,advanced,한국어,무료,참고,5,MSA 설계 패턴 공식 가이드
X025,AI/ML 엔지니어,NLP,,딥 러닝을 이용한 자연어 처리 입문(위키독스),전처리~트랜스포머·BERT 한국어 입문서,https://wikidocs.net/book/2155,문서,beginner,한국어,무료,참고,5,전처리~트랜스포머·BERT 한국어 입문서
X026,AI/ML 엔지니어,NLP,,딥러닝 자연어 처리 실습(위키독스),실습 중심 자연어처리,https://wikidocs.net/book/19223,문서,intermediate,한국어,무료,참고,4,실습 중심 자연어처리
X027,AI/ML 엔지니어,NLP,,Hugging Face NLP Course,트랜스포머 기반 NLP 공식 코스,https://huggingface.co/learn/nlp-course,공식학습,advanced,영어,무료,참고,5,트랜스포머 기반 NLP 공식 코스
X028,프론트엔드 개발자,UI/UX,,UX/UI 시작하기 — UX 개념(인프런 오리지널),UX 입문 기본 개념,https://www.inflearn.com/course/ux-%EA%B0%9C%EB%85%90-%EC%9D%B8%ED%94%84%EB%9F%B0-%EC%98%A4%EB%A6%AC%EC%A7%80%EB%84%90,강의,beginner,한국어,무료,3시간,4,UX 입문 기본 개념
X029,프론트엔드 개발자,UI/UX,,UX/UI 시작하기 — UI 디자인(인프런 오리지널),UI 디자인 실무 기초,https://www.inflearn.com/course/ui-%EA%B0%9C%EB%85%90-%EC%9D%B8%ED%94%84%EB%9F%B0-%EC%98%A4%EB%A6%AC%EC%A7%80%EB%84%90,강의,intermediate,한국어,무료,4시간,4,UI 디자인 실무 기초
X030,프론트엔드 개발자,UI/UX,,예민한 UX 디자인(전민수),현업 관점 UX 디자인 심화,https://www.inflearn.com/course/%EC%98%88%EB%AF%BC%ED%95%9C-UX-%EB%94%94%EC%9E%90%EC%9D%B8,강의,advanced,한국어,무료,6시간,4,현업 관점 UX 디자인 심화
X031,AI/ML 엔지니어,LLM,,LLM 바닥부터 만들기 — 홍정모(YouTube),대형언어모델 핵심 1시간 정리,https://www.youtube.com/watch?v=osv2csoHVAo,유튜브,beginner,한국어,무료,1시간,4,대형언어모델 핵심 1시간 정리
X032,AI/ML 엔지니어,LLM,,처음 해보는 맞춤형 LLM 만들기 — LoRA & QLoRA,LoRA 파인튜닝 입문 실습,https://www.inflearn.com/course/%EB%A7%9E%EC%B6%A4%ED%98%95-llm-%EB%A7%8C%EB%93%A4%EA%B8%B0-lora-amp,강의,intermediate,한국어,무료,3시간,4,LoRA 파인튜닝 입문 실습
X033,AI/ML 엔지니어,LLM,,Introduction to LLMs — Google ML Crash Course,구글 ML 크래시코스 LLM 심화,https://developers.google.com/machine-learning/crash-course/llm,공식학습,advanced,영어,무료,참고,5,구글 ML 크래시코스 LLM 심화
X034,AI/ML 엔지니어,파인튜닝,,맞춤형 LLM 만들기 — LoRA & QLoRA,LoRA/QLoRA 파인튜닝 입문,https://www.inflearn.com/course/%EB%A7%9E%EC%B6%A4%ED%98%95-llm-%EB%A7%8C%EB%93%A4%EA%B8%B0-lora-amp,강의,beginner,한국어,무료,3시간,4,LoRA/QLoRA 파인튜닝 입문
X035,AI/ML 엔지니어,파인튜닝,,실전 LLM 파인튜닝 예제코드(위키북스),LoRA/QLoRA 한국어 실습 예제,https://github.com/wikibook/llm-finetuning,오픈소스,intermediate,한국어,무료,참고,4,LoRA/QLoRA 한국어 실습 예제
X036,AI/ML 엔지니어,파인튜닝,,Hugging Face — Fine-tuning(Trainer),Trainer/SFT 공식 파인튜닝 가이드,https://huggingface.co/docs/transformers/en/training,공식문서,advanced,영어,무료,참고,5,Trainer/SFT 공식 파인튜닝 가이드
X037,AI/ML 엔지니어,멀티모달,,Hugging Face NLP Course(멀티모달 포함),트랜스포머 기반 멀티모달까지 다루는 공식 코스,https://huggingface.co/learn/nlp-course,공식학습,intermediate,영어,무료,참고,4,트랜스포머 기반 멀티모달까지 다루는 공식 코스
X038,AI/ML 엔지니어,멀티모달,,Hugging Face Transformers 공식 문서,비전·언어 멀티모달 모델 공식 문서,https://huggingface.co/docs/transformers/en/index,공식문서,advanced,영어,무료,참고,4,비전·언어 멀티모달 모델 공식 문서
